INSTALACION,0
169939,-0.10762185347861605
169940,-0.02
169941,-0.02
169942,-0.02
169943,-0.02
169944,-0.02
169945,-0.02
169946,-0.02
169947,-0.02
169948,-0.02
169949,-0.02
169950,-0.02
169951,-0.02
169952,-0.02
169953,-0.02
169954,-0.02
169955,-0.02
169956,-0.02
169957,-0.02
169958,-0.02
169959,-0.02
169960,-0.02
169961,-0.10762185347861605
169962,-0.02
169963,-0.02
169964,-0.08302162938617884
169965,-0.02
169966,-0.02
169967,-0.02
169968,-0.02
169969,-0.02
169970,-0.02
169971,-0.02
169972,-0.02
169973,-0.02
169974,-0.02
169975,-0.02
169976,-0.02
169977,-0.10003691379376861
169978,-0.02
169979,-0.02
169980,-0.02
169981,-0.02
169982,-0.02
169983,-0.02
169984,-0.02
169985,-0.02
169986,-0.02
169987,-0.02
169988,-0.02
169989,-0.10762185347861605
169990,-0.02
169991,-0.02
169992,-0.02
169993,-0.02
169994,-0.02
169995,-0.02
169996,-0.02
169997,-0.02
169998,-0.02
169999,-0.02
170000,-0.02
170001,-0.02
170002,-0.10762185347861605
170003,-0.02
170004,-0.02
170005,-0.02
170006,-0.02
170007,-0.02
170008,-0.02
170009,-0.02
170010,-0.02
170011,-0.02
170012,-0.10762185347861605
170013,-0.02
170014,-0.02
170015,-0.02
170016,-0.02
170017,-0.02
170018,-0.02
170019,-0.08566609763618264
170020,-0.02
170021,-0.02
170022,-0.02
170023,-0.02
170024,-0.02
170025,-0.02
170026,-0.02
170027,-0.02
170028,-0.02
170029,-0.02
170030,-0.02
170031,-0.02
170032,-0.02
170033,-0.02
170034,-0.02
170035,-0.02
170036,-0.02
170037,-0.02
170038,-0.02
170039,-0.02
170040,-0.02
170041,-0.02
170042,-0.02
170043,-0.02
170044,-0.02
170045,-0.02
170046,-0.02
170047,-0.02
170048,-0.02
170049,-0.02
170050,-0.02
170051,-0.02
170052,-0.02
170053,-0.10762185347861605
170054,-0.02
170055,-0.02
170056,-0.02
170057,-0.02
170058,-0.02
170059,-0.02
170060,-0.02
170061,-0.02
170062,-0.0857263021212104
170063,-0.02
170064,-0.02
170065,-0.02
170066,-0.02
170067,-0.02
170068,-0.02
170069,-0.02
170070,-0.10762185347861605
170071,-0.02
170072,-0.02
170073,-0.02
170074,-0.02
170075,-0.02
170076,-0.02
170077,-0.02
170078,-0.02
170079,-0.02
170080,-0.02
170081,-0.02
170082,-0.02
170083,-0.02
170084,-0.02
170085,-0.02
170086,-0.02
170087,-0.02
170088,-0.02
170089,-0.02
170090,-0.02
170091,-0.10762185347861605
170092,-0.10039578496978879
170093,-0.02
170094,-0.02
170095,-0.10762185347861605
170096,-0.02
170097,-0.02
170098,-0.02
170099,-0.02
170100,-0.10762185347861605
170101,-0.02
170102,-0.02
170103,-0.02
170104,-0.02
170105,-0.10762185347861605
170106,-0.042842547501638156
170107,-0.02
170108,-0.02
170109,-0.02
170110,-0.02
170111,-0.02
170112,-0.02
170113,-0.02
170114,-0.02
170115,-0.02
170116,-0.02
170117,-0.02
170118,-0.02
170119,-0.02
170120,-0.02
170121,-0.02
170122,-0.02
170123,-0.10762185347861605
170124,-0.10762185347861605
170125,-0.02
170126,-0.02
170127,-0.02
170128,-0.10762185347861605
170129,-0.02
170130,-0.02
170131,-0.02
170132,-0.02
170133,-0.02
170134,-0.02
170135,-0.02
170136,-0.02
170137,-0.02
170138,-0.02
170139,-0.02
170140,-0.02
170141,-0.10762185347861605
170142,-0.02
170143,-0.02
170144,-0.02
170145,-0.02
170146,-0.09723869215584119
170147,-0.02
170148,-0.02
170149,-0.02
170150,-0.10762185347861605
170151,-0.02
170152,-0.02
170153,-0.02
170154,-0.02
170155,-0.02
170156,-0.02
170157,-0.02
170158,-0.02
170159,-0.02
170160,-0.02
170161,-0.02
170162,-0.02
170163,-0.02
170164,-0.10762185347861605
170165,-0.10762185347861605
170166,-0.02
170167,-0.02
170168,-0.02
170169,-0.02
170170,-0.02
170171,-0.02
170172,-0.02
170173,-0.02
170174,-0.02
170175,-0.02
170176,-0.02
170177,-0.02
170178,-0.02
170179,-0.02
170180,-0.02
170181,-0.02
170182,-0.02
241179,-0.02
241180,-0.02
241181,-0.02
241182,-0.02
241184,-0.02
241185,-0.02
241186,-0.02
241187,-0.02
241188,-0.02
241189,-0.02
241190,-0.02
241191,-0.09762284415927105
241192,-0.02
241193,-0.02
241194,-0.10762185347861605
241195,-0.02
241196,-0.02
241197,-0.02
241198,-0.02
241199,-0.02
241200,-0.10762185347861605
241201,-0.02
241202,-0.02
241203,-0.02
241204,-0.02
241205,-0.02
241206,-0.02
241207,-0.02
241208,-0.02
241209,-0.02
241210,-0.02
241211,-0.02
241212,-0.02
241213,-0.10762185347861605
241214,-0.02
241215,-0.02
241216,-0.09719190151388618
241217,-0.02
241218,-0.02
241219,-0.02
241220,-0.02
241221,-0.02
241222,-0.02
241223,-0.02
241224,-0.02
241225,-0.02
241226,-0.02
241227,-0.02
241228,-0.02
241229,-0.02
241230,-0.02
241231,-0.10762185347861605
241232,-0.02
241233,-0.09467292400468895
241234,-0.02
241235,-0.02
241236,-0.10762185347861605
241237,-0.02
241238,-0.02
241239,-0.02
241240,-0.02
241241,-0.02
241242,-0.02
241243,-0.02
241244,-0.02
241245,-0.02
241246,-0.10762185347861605
241247,-0.02
241248,-0.02
241249,-0.02
241250,-0.02
241251,-0.02
241252,-0.02
241253,-0.02
241254,-0.02
241255,-0.02
241256,-0.02
241257,-0.02
241258,-0.02
241259,-0.02
241260,-0.02
241261,-0.02
241262,-0.02
241263,-0.08404448368564393
241264,-0.02
241265,-0.02
241266,-0.02
241267,-0.10762185347861605
241268,-0.02
241269,-0.02
241270,-0.02
241271,-0.02
241272,-0.02
241273,-0.09467292400468895
241274,-0.02
241275,-0.07133593844427463
241276,-0.02
241277,-0.02
241278,-0.02
241279,-0.10762185347861605
241280,-0.02
241281,-0.02
241282,-0.02
241283,-0.10762185347861605
241284,-0.02
241285,-0.0946431134674744
241286,-0.09719859159659625
241287,-0.10762185347861605
241288,-0.10762185347861605
241289,-0.02
241290,-0.02
241291,-0.02
241292,-0.02
241293,-0.09716512212569416
241294,-0.10762185347861605
241295,-0.02
241296,-0.02
241297,-0.09723869215584119
241298,-0.02
241299,-0.02
241300,-0.02
241301,-0.02
241302,-0.02
241303,-0.02
241304,-0.02
241305,-0.09719859159659625
241306,-0.10762185347861605
241307,-0.10762185347861605
241308,-0.02
241309,-0.02
241310,-0.02
241311,-0.02
241312,-0.02
241313,-0.02
241314,-0.02
241315,-0.02
241316,-0.02
241317,-0.02
241318,-0.02
241319,-0.02
241320,-0.02
241321,-0.10762185347861605
241322,-0.02
241323,-0.02
241324,-0.02
241325,-0.02
241326,-0.02
241327,-0.02
241328,-0.02
241329,-0.02
241330,-0.02
241331,-0.02
241332,-0.02
241333,-0.02
241334,-0.02
241335,-0.02
241336,-0.10762185347861605
241337,-0.08557553283990811
241338,-0.09465056964690031
241339,-0.02
241340,-0.02
241341,-0.02
241342,-0.02
241343,-0.02
241344,-0.044504397726538907
241345,-0.02
241346,-0.02
241347,-0.02
241348,-0.02
241349,-0.02
241350,-0.02
241351,-0.02
241352,-0.02
241353,-0.02
241354,-0.02
241355,-0.02
241356,-0.02
241357,-0.02
241358,-0.02
241359,-0.02
241360,-0.03550898670010524
241361,-0.10762185347861605
241362,-0.02
241363,-0.02
241364,-0.02
241365,-0.02
241366,-0.02
241367,-0.08301330061222648
241368,-0.06393489383226761
241369,-0.02
241370,-0.02
241371,-0.007597937676589346
241372,-0.02
241373,-0.0443608391863832
241374,-0.08562840003256571
241375,-0.02
241376,-0.02
241377,-0.02
241378,-0.02
241379,-0.10762185347861605
241380,-0.10762185347861605
241381,-0.08301330061222648
241382,-0.02
241383,-0.02
241384,-0.02
241385,-0.02
241386,-0.02
241387,-0.02
241388,-0.07116690455077171
241389,-0.02
241390,-0.02
241391,-0.02
241392,-0.02
241393,-0.02
241394,-0.02
241395,-0.02
241396,-0.02
241397,-0.08556040847283526
241398,-0.10762185347861605
241399,-0.10762185347861605
241400,-0.08301330061222648
241401,-0.09867627707915705
241402,-0.10762185347861605
241403,-0.10762185347861605
241404,-0.02
241405,-0.10762185347861605
241406,-0.02
241407,-0.02
241408,-0.02
241409,-0.09716512212569416
241410,-0.08551498334320357
241411,-0.02
241412,-0.02
241413,-0.02
241414,-0.02
241415,-0.02
241416,-0.02
241417,-0.02
241418,-0.02
241419,-0.02
241420,-0.10762185347861605
241421,-0.02
241422,-0.10762185347861605
241423,-0.08301330061222648
241424,-0.02
241425,-0.032920862983153235
241426,-0.10762185347861605
241427,-0.02
241428,-0.02
241429,-0.10762185347861605
241430,-0.08301330061222648
241431,-0.02
241432,-0.10762185347861605
241433,-0.09719859159659625
241435,-0.10762185347861605
241436,-0.10762185347861605
241437,-0.10762185347861605
241438,-0.10762185347861605
241439,-0.02
241440,-0.02
241441,-0.02
241442,-0.10762185347861605
241443,-0.10762185347861605
241444,-0.10762185347861605
241445,-0.10762185347861605
241447,-0.10762185347861605
241448,-0.10762185347861605
241449,-0.02
241450,-0.02
241451,-0.02
241452,-0.02
241453,-0.10762185347861605
241454,-0.02
241455,-0.10762185347861605
241456,-0.02
241457,-0.02
241458,-0.02
241459,-0.02
241460,-0.02
241461,-0.02
241462,-0.02
241463,-0.02
241464,-0.02
241465,-0.02
241466,-0.02
241467,-0.02
241468,-0.02
241469,-0.02
241470,-0.02
241471,-0.02
241472,-0.0798489385519705
241473,-0.10762185347861605
241474,-0.02
241475,-0.02
241476,-0.02
241477,-0.02
241478,-0.02
241479,-0.02
241480,-0.02
241481,-0.02
241482,-0.02
241483,-0.02
241484,-0.10762185347861605
241485,-0.02
241486,-0.02
241487,-0.02
241488,-0.02
241489,-0.02
241490,-0.02
241491,-0.02
241492,-0.10762185347861605
241493,-0.02
251693,-0.02
251694,-0.10762185347861605
251695,-0.02
251696,-0.02
251698,-0.02
251699,-0.02
251700,-0.02
251701,-0.02
251702,-0.02
251703,-0.02
251704,-0.02
251705,-0.02
251706,-0.02
251707,-0.02
251708,-0.02
251709,-0.02
251710,-0.02
251711,-0.02
251712,-0.02
251713,-0.02
251714,-0.02
251715,-0.02
251716,-0.02
251717,-0.027674649791083184
251718,-0.02
251719,-0.02
251720,-0.02
251721,-0.02
251722,-0.02
251723,-0.02
251724,-0.02
251725,-0.02
251726,-0.02
251727,-0.02
251728,-0.02
251729,-0.02
251730,-0.007597937676589346
251731,-0.02
251732,-0.02
251733,-0.02
251734,-0.02
251735,-0.02
251736,-0.02
251737,-0.02
251738,-0.02
251739,-0.02
251740,-0.02
251741,-0.02
251742,-0.02
251743,-0.02
251744,-0.02
251745,-0.02
251746,-0.10762185347861605
251747,-0.02
251748,-0.02
251749,-0.02
251750,-0.02
251751,-0.02
251752,-0.02
251753,-0.02
251754,-0.02
251755,-0.10762185347861605
251756,-0.02
251757,-0.02
251758,-0.02
251759,-0.02
251760,-0.02
251761,-0.02
251762,-0.02
251763,-0.02
251764,-0.02
251765,-0.02
251766,-0.02
251767,-0.02
251768,-0.02
251769,-0.02
251770,-0.02
251771,-0.10762185347861605
251772,-0.02
251773,-0.02
251774,-0.02
251775,-0.02
251776,-0.02
251777,-0.02
251778,-0.02
251779,-0.02
251780,-0.02
251781,-0.02
251782,-0.02
251783,-0.02
251784,-0.02
251785,-0.0830299555348281
251786,-0.02
251787,-0.10762185347861605
251788,-0.10762185347861605
251789,-0.02
251790,-0.02
251791,-0.02
251792,-0.02
251793,-0.02
251794,-0.02
251795,-0.02
251796,-0.02
251797,-0.02
251798,-0.02
251799,-0.02
251800,-0.02
251801,-0.10762185347861605
251802,-0.02
251803,-0.02
251804,-0.0946431134674744
251805,-0.02
251806,-0.02
251807,-0.02
251808,-0.02
251809,-0.02
251810,-0.02
251811,-0.02
251812,-0.02
251813,-0.02
251814,-0.02
251815,-0.02
251816,-0.02
251817,-0.08827537078516268
251818,-0.02
251819,-0.02
251820,-0.10762185347861605
251821,-0.02
251822,-0.02
251823,-0.02
251824,-0.02
251825,-0.02
251826,-0.10762185347861605
251827,-0.02
251828,-0.02
251829,-0.02
251830,-0.02
251831,-0.02
251832,-0.10762185347861605
251833,-0.02
251834,-0.02
251835,-0.02
251836,-0.10762185347861605
251837,-0.10762185347861605
251838,-0.02
251839,-0.02
251840,-0.02
251841,-0.02
251842,-0.02
251843,-0.02
251844,-0.02
251845,-0.10762185347861605
251846,-0.02
251847,-0.07751044367737625
251848,-0.02
251849,-0.02
251850,-0.02
251851,-0.02
251852,-0.02
251853,-0.10762185347861605
251854,-0.02
251855,-0.09705096812543408
251856,-0.02
251857,-0.02
251858,-0.02
251859,-0.02
251860,-0.02
251861,-0.02
251862,-0.02
251863,-0.02
251864,-0.02
251865,-0.02
251866,-0.02
251867,-0.02
251868,-0.02
251869,-0.10762185347861605
251870,-0.02
251871,-0.10762185347861605
251872,-0.02
251873,-0.02
251874,-0.02
251875,-0.02
251876,-0.02
251877,-0.02
251878,-0.02
251879,-0.02
251880,-0.02
251881,-0.10762185347861605
251882,-0.10762185347861605
251883,-0.02
251884,-0.0830299555348281
251885,-0.02
251886,-0.10762185347861605
251887,-0.02
251888,-0.02
251889,-0.02
251890,-0.10762185347861605
251891,-0.02
251892,-0.08302162938617884
251893,-0.02
251894,-0.02
251895,-0.02
251896,-0.02
251897,-0.0956646226736938
251898,-0.02
251899,-0.02
251900,-0.02
251901,-0.02
251902,-0.02
251903,-0.02
251904,-0.10142389077134288
251905,-0.10762185347861605
251906,-0.02
251907,-0.02
251908,-0.02
251909,-0.02
251910,-0.02
251911,-0.02
251912,-0.02
251913,-0.10762185347861605
251914,-0.02
251915,-0.02
251916,-0.02
251917,-0.02
251918,-0.10762185347861605
251919,-0.09615220569820254
251920,-0.02
251921,-0.02
251922,-0.02
251923,-0.02
251924,-0.02
251925,-0.02
251926,-0.02
251927,-0.02
273715,-0.02
273716,-0.02
273717,-0.02
273718,-0.02
273719,-0.02
273720,-0.02
273721,-0.10762185347861605
273722,-0.02
273723,-0.02
273724,-0.02
273725,-0.02
273726,-0.10762185347861605
273727,-0.02
273728,-0.10762185347861605
273729,-0.02
273731,-0.02
273732,-0.02
273733,-0.10762185347861605
273734,-0.02
273735,-0.02
273736,-0.02
273737,-0.02
273738,-0.02
273739,-0.02
273740,-0.10762185347861605
273741,-0.02
273742,-0.02
273743,-0.02
273744,-0.02
273745,-0.02
273746,-0.02
273747,-0.02
273748,-0.02
273749,-0.02
273750,-0.02
273751,-0.02
273752,-0.02
273753,-0.02
273754,-0.02
273755,-0.02
273756,-0.02
273757,-0.10762185347861605
273758,-0.10762185347861605
273759,-0.10762185347861605
273760,-0.10762185347861605
273761,-0.08568869040138412
273762,-0.02
273763,-0.09705096812543408
273764,-0.02
273765,-0.02
273766,-0.02
273767,-0.02
273768,-0.02
273769,-0.10762185347861605
273770,-0.02
273771,-0.02
273772,-0.02
273773,-0.02
273774,-0.02
273775,-0.02
273776,-0.007597937676589346
273777,-0.02
273778,-0.02
273779,-0.02
273780,-0.02
273781,-0.02
273782,-0.02
273783,-0.07133593844427463
273784,-0.10762185347861605
273785,-0.09550701058674471
273786,-0.10762185347861605
273787,-0.0946431134674744
273788,-0.09757022946367513
273789,-0.10762185347861605
273790,-0.08563594385851189
273791,-0.08645657517743688
273792,-0.10373726034662312
310460,-0.10762185347861605
310461,-0.10762185347861605
310462,-0.02
310463,-0.02
310464,-0.02
310465,-0.02
310466,-0.02
310467,-0.02
310468,-0.10038410516560159
310469,-0.02
310470,-0.02
310471,-0.02
310472,-0.02
310473,-0.10762185347861605
310474,-0.02
310475,-0.10762185347861605
310476,-0.02
310477,-0.02
310478,-0.10762185347861605
310479,-0.02
310480,-0.02
310481,-0.02
310482,-0.02
310483,-0.02
310484,-0.10762185347861605
310485,-0.02
310486,-0.02
310487,-0.02
310488,-0.02
310489,-0.02
310490,-0.02
310491,-0.02
310492,-0.02
310493,-0.02
310494,-0.02
310495,-0.02
310496,-0.02
310497,-0.02
310498,-0.02
310499,-0.02
310500,-0.02
310501,-0.02
310502,-0.02
310503,-0.02
310504,-0.02
310505,-0.02
310506,-0.02
310507,-0.02
310508,-0.02
310509,-0.02
310510,-0.02
310511,-0.02
310512,-0.02
310513,-0.02
310514,-0.02
310515,-0.02
310516,-0.02
310517,-0.02
310518,-0.02
310519,-0.02
310520,-0.02
310521,-0.02
310522,-0.02
310523,-0.02
310524,-0.02
310525,-0.02
310526,-0.02
310527,-0.02
310528,-0.02
310529,-0.02
310530,-0.02
310531,-0.02
310532,-0.02
310533,-0.02
310534,-0.02
310535,-0.02
310536,-0.02
310537,-0.02
310538,-0.02
310539,-0.02
310540,-0.02
310541,-0.02
310542,-0.02
310543,-0.02
310544,-0.10762185347861605
310545,-0.02
310546,-0.02
310547,-0.02
310548,-0.02
310549,-0.02
310550,-0.02
310551,-0.02
310552,-0.10762185347861605
310553,-0.02
310554,-0.02
310555,-0.02
310556,-0.02
310557,-0.02
310558,-0.02
310559,-0.02
310560,-0.02
310561,-0.02
310562,-0.02
310563,-0.02
310564,-0.02
310565,-0.02
310566,-0.02
310567,-0.02
310568,-0.02
310569,-0.02
310570,-0.02
310571,-0.02
310572,-0.02
310573,-0.02
310574,-0.02
310575,-0.02
310576,-0.10762185347861605
310577,-0.10762185347861605
310578,-0.02
310579,-0.02
310580,-0.02
310581,-0.02
310582,-0.02
310583,-0.02
310584,-0.02
310585,-0.02
310586,-0.02
310587,-0.02
310588,-0.02
310589,-0.02
310590,-0.02
310591,-0.02
310592,-0.02
310593,-0.02
310594,-0.02
310595,-0.02
310596,-0.02
310597,-0.04948094433149082
310598,-0.02
310599,-0.02
310600,-0.02
310601,-0.02
310602,-0.02
310603,-0.02
310604,-0.02
310605,-0.02
310606,-0.02
310607,-0.02
310608,-0.02
310609,-0.02
310610,-0.02
310611,-0.04234232689721157
310612,-0.02
310613,-0.02
310614,-0.02
310615,-0.02
310616,-0.02
310617,-0.02
310618,-0.02
310619,-0.02
310620,-0.02
310621,-0.02
310622,-0.02
310623,-0.02
310624,-0.10762185347861605
310625,-0.02
310626,-0.02
310627,-0.02
310628,-0.02
310629,-0.02
310630,-0.02
310631,-0.02
310632,-0.02
310633,-0.02
310634,-0.02
310635,-0.10762185347861605
310636,-0.09893863309231749
310637,-0.02
310638,-0.02
310639,-0.02
310640,-0.02
310641,-0.02
310642,-0.02
310643,-0.02
310644,-0.02
310645,-0.02
310646,-0.02
310647,-0.02
310648,-0.02
310649,-0.02
310650,-0.02
310651,-0.10762185347861605
310652,-0.02
310653,-0.02
310654,-0.02
310655,-0.02
310656,-0.02
310657,-0.02
310658,-0.02
310659,-0.02
310660,-0.02
310661,-0.02
310662,-0.02
310663,-0.02
310664,-0.02
310665,-0.02
310666,-0.02
310667,-0.02
310668,-0.02
310669,-0.02
310670,-0.02
310671,-0.02
310672,-0.02
310673,-0.02
310674,-0.02
310675,-0.02
310676,-0.02
310677,-0.10762185347861605
310678,-0.02
310679,-0.02
310680,-0.02
310681,-0.02
310682,-0.02
310683,-0.02
310684,-0.02
310685,-0.02
310686,-0.10762185347861605
310687,-0.02
310688,-0.02
310689,-0.02
310690,-0.02
310691,-0.02
310692,-0.02
310693,-0.02
310694,-0.02
310695,-0.02
310696,-0.10762185347861605
310697,-0.02
310698,-0.02
310699,-0.02
310700,-0.02
310701,-0.02
310702,-0.02
310703,-0.02
310704,-0.02
310705,-0.02
310706,-0.02
310707,-0.02
310708,-0.02
310709,-0.10762185347861605
310710,-0.02
310711,-0.02
310712,-0.02
310713,-0.02
310714,-0.02
310715,-0.02
310716,-0.02
310717,-0.02
310718,-0.02
310719,-0.02
310720,-0.02
360197,-0.09893863309231749
360198,-0.02
360199,-0.02
360200,-0.02
360201,-0.02
360202,-0.10762185347861605
360203,-0.02
360204,-0.02
360205,-0.02
360206,-0.02
360207,-0.02
360208,-0.02
360209,-0.02
360210,-0.02
360211,-0.02
360212,-0.02
360213,-0.02
360214,-0.02
360215,-0.02
360216,-0.10762185347861605
360217,-0.02
360218,-0.02
360219,-0.02
360220,-0.02
360221,-0.02
360222,-0.02
360223,-0.02
360224,-0.10762185347861605
360225,-0.02
360226,-0.10762185347861605
360227,-0.02
360228,-0.02
360229,-0.02
360230,-0.02
360231,-0.10762185347861605
360232,-0.02
360233,-0.10762185347861605
360234,-0.02
360235,-0.02
360236,-0.10762185347861605
360237,-0.02
360238,-0.02
360239,-0.02
360240,-0.02
360241,-0.02
360242,-0.02
360243,-0.02
360244,-0.02
360245,-0.02
360246,-0.02
360247,-0.02
360248,-0.02
360249,-0.10762185347861605
360250,-0.10762185347861605
360251,-0.02
360252,-0.02
360253,-0.02
360254,-0.02
360255,-0.02
360256,-0.02
360257,-0.08840213851443121
360258,-0.02
360259,-0.02
360260,-0.02
360262,-0.02
360263,-0.02
360264,-0.02
360265,-0.02
360266,-0.02
360267,-0.10762185347861605
360268,-0.02
360270,-0.035690050357621184
360271,-0.02
360272,-0.02
360273,-0.02
360274,-0.02
360275,-0.02
360276,-0.02
360277,-0.02
360278,-0.02
360279,-0.02
360280,-0.02
360281,-0.02
360282,-0.02
360283,-0.02
360284,-0.02
360285,-0.02
360286,-0.02
360287,-0.038592224132330655
360288,-0.02
360289,-0.02
360290,-0.10562455589279485
360291,-0.02
360292,-0.02
360293,-0.10762185347861605
360294,-0.02
360295,-0.02
360296,-0.02
360297,-0.02
360298,-0.02
360299,-0.02
360300,-0.02
360301,-0.02
360302,-0.02
360303,-0.02
360304,-0.02
360305,-0.02
360306,-0.10762185347861605
360307,-0.02
360308,-0.10762185347861605
360309,-0.10762185347861605
360310,-0.10682719752850836
360311,-0.10762185347861605
360312,-0.09565748136862803
360313,-0.09340286876514453
360314,-0.02
360315,-0.02
360316,-0.10762185347861605
360317,-0.02
360318,-0.02
360319,-0.02
360320,-0.02
360321,-0.02
360322,-0.10762185347861605
360323,-0.02
360324,-0.02
360325,-0.10762185347861605
360326,-0.02
360327,-0.0798489385519705
360328,-0.007597937676589346
360329,-0.10150757048037821
360330,-0.10762185347861605
360331,-0.10762185347861605
360332,-0.02
360333,-0.02
360334,-0.02
360335,-0.02
360336,-0.02
360337,-0.02
360338,-0.09893863309231749
360339,-0.02
360340,-0.02
360341,-0.10762185347861605
360342,-0.02
360343,-0.10762185347861605
360344,-0.02
360345,-0.10762185347861605
360346,-0.02
360347,-0.10762185347861605
360348,-0.10762185347861605
360349,-0.10762185347861605
360350,-0.09723869215584119
360351,-0.10762185347861605
360352,-0.02
360353,-0.10762185347861605
360354,-0.02
360355,-0.02
360356,-0.02
360357,-0.09691595566094663
360358,-0.02
360359,-0.02
360360,-0.02
360361,-0.02
360362,-0.02
360363,-0.02
360364,-0.02
360365,-0.08299110311216719
360366,-0.082383432938902
360367,-0.09383903565515579
360368,-0.02
360369,-0.02
360370,-0.10762185347861605
360371,-0.02
360372,-0.09705096812543408
360373,-0.02
360374,-0.02
360375,-0.02
360376,-0.02
360377,-0.02
360378,-0.02
360379,-0.02
360380,-0.10762185347861605
360381,-0.02
360382,-0.02
360383,-0.02
360384,-0.02
360385,-0.02
360386,-0.02
360387,-0.02
360388,-0.02
360389,-0.02
360390,-0.02
360391,-0.02
360392,-0.10762185347861605
360393,-0.02
360394,-0.02
360395,-0.02
360396,-0.02
360397,-0.007597937676589346
360399,-0.02
360400,-0.02
360401,-0.10762185347861605
360402,-0.02
360403,-0.10762185347861605
360404,-0.0981747204863487
360405,-0.0969227247338352
360406,-0.02
360407,-0.02
360408,-0.02
360409,-0.02
360410,-0.02
360411,-0.02
360412,-0.10762185347861605
360413,-0.02
360414,-0.02
360415,-0.02
360416,-0.10762185347861605
360417,-0.02
360418,-0.02
360419,-0.10762185347861605
360420,-0.02
360421,-0.07751044367737625
360422,-0.02
360423,-0.02
360424,-0.02
360425,-0.02
360426,-0.10762185347861605
360427,-0.02
360428,-0.02
360429,-0.10762185347861605
360430,-0.02
360431,-0.02
360432,-0.02
360433,-0.02
360434,-0.02
360435,-0.02
360436,-0.02
360437,-0.10762185347861605
362743,-0.09812975825427561
362744,-0.02
362745,-0.10762185347861605
362746,-0.09698355882932624
362747,-0.02
362748,-0.02
362749,-0.02
362750,-0.02
362751,-0.10762185347861605
362752,-0.10762185347861605
362753,-0.06604392026168926
362754,-0.10762185347861605
362755,-0.02
362756,-0.0968277798626215
362757,-0.02
362758,-0.02
362759,-0.02
362760,-0.02
362761,-0.02
362762,-0.02
362763,-0.02
362764,-0.10762185347861605
362765,-0.10762185347861605
362766,-0.10762185347861605
362767,-0.02
362768,-0.02
362769,-0.02
362770,-0.02
362771,-0.027674649791083184
362772,-0.02
362773,-0.10762185347861605
362774,-0.10762185347861605
362775,-0.02
362776,-0.02
362777,-0.10762185347861605
362778,-0.09709803987284923
362779,-0.10762185347861605
362780,-0.10762185347861605
362781,-0.10762185347861605
362782,-0.02
362783,-0.02
362784,-0.10762185347861605
362785,-0.08119824179598065
362786,-0.02
362787,-0.02
362788,-0.02
362789,-0.10762185347861605
362790,-0.09684136691816926
362791,-0.02
362792,-0.10762185347861605
362793,-0.02
362794,-0.02
362795,-0.02
362796,-0.10762185347861605
362797,-0.02
362798,-0.02
362799,-0.10762185347861605
362800,-0.02
362801,-0.02
362802,-0.085484656466886
362803,-0.02
362804,-0.02
362805,-0.02
362806,-0.02
362807,-0.02
362808,-0.02
362809,-0.02
362810,-0.10762185347861605
362811,-0.09707787780833088
362812,-0.10762185347861605
362813,-0.02
362814,-0.02
362815,-0.09688885985916451
362816,-0.0935289195149402
362817,-0.10762185347861605
362818,-0.02
362819,-0.02
362820,-0.02
362821,-0.02
362822,-0.10762185347861605
362823,-0.02
362824,-0.02
362825,-0.02
362826,-0.02
362827,-0.02
362828,-0.10762185347861605
362829,-0.02
362830,-0.02
362831,-0.02
362832,-0.02
362833,-0.02
362834,-0.10762185347861605
362835,-0.02
362836,-0.02
362837,-0.02
362838,-0.02
362839,-0.02
362840,-0.02
362841,-0.10762185347861605
362842,-0.02
362843,-0.02
362844,-0.02
362845,-0.02
362846,-0.02
362847,-0.02
362848,-0.10762185347861605
362849,-0.09697680725511837
362850,-0.10762185347861605
362851,-0.02
362852,-0.02
362853,-0.02
362854,-0.02
362855,-0.02
362856,-0.02
362857,-0.02
362858,-0.02
362859,-0.02
362860,-0.02
362861,-0.08557553283990811
362862,-0.10762185347861605
362863,-0.02
362864,-0.02
362865,-0.02
362866,-0.02
362867,-0.08558309177725287
362869,-0.10762185347861605
362870,-0.02
362871,-0.06985072676568055
362872,-0.10762185347861605
362873,-0.10762185347861605
362874,-0.10762185347861605
362875,-0.02
362876,-0.10762185347861605
362877,-0.02
362878,-0.02
362879,-0.02
362880,-0.02
362881,-0.02
362882,-0.02
362883,-0.02
362884,-0.10762185347861605
362885,-0.10762185347861605
362886,-0.10762185347861605
362887,-0.02
362888,-0.10762185347861605
362889,-0.02
362890,-0.10762185347861605
362891,-0.02
362892,-0.02
362893,-0.02
362894,-0.02
362895,-0.02
362896,-0.02
362897,-0.02
362898,-0.02
362899,-0.02
362900,-0.02
362901,-0.10762185347861605
362902,-0.02
362903,-0.02
362904,-0.02
362905,-0.09550701058674471
362906,-0.02
362907,-0.02
362908,-0.10709654243711647
362909,-0.02
362910,-0.02
362911,-0.02
362912,-0.10762185347861605
362913,-0.10762185347861605
362914,-0.10762185347861605
362915,-0.08298326963391783
362916,-0.02
362917,-0.10762185347861605
362918,-0.02
362919,-0.02
362920,-0.02
362921,-0.02
362922,-0.007597937676589346
362923,-0.02
362924,-0.0946431134674744
362925,-0.0946431134674744
362926,-0.10762185347861605
362927,-0.02
362928,-0.02
362929,-0.02
362930,-0.09867627707915705
362931,-0.10762185347861605
362932,-0.02
362934,-0.02
362935,-0.02
362936,-0.02
362937,-0.02
362938,-0.0956646226736938
362939,-0.10762185347861605
362940,-0.10762185347861605
362941,-0.10762185347861605
362942,-0.10762185347861605
362943,-0.02
362944,-0.02
362945,-0.02
362946,-0.02
362947,-0.02
362948,-0.02
362949,-0.0956646226736938
362950,-0.02
362951,-0.02
362952,-0.02
362953,-0.02
362954,-0.08563594385851189
362955,-0.02
362956,-0.09698355882932624
362957,-0.02
362958,-0.02
362959,-0.02
362960,-0.02
362961,-0.02
362962,-0.02
362963,-0.02
362964,-0.02
362965,-0.02
362966,-0.02
362967,-0.02
362968,-0.02
362969,-0.10762185347861605
362970,-0.02
362971,-0.02
362972,-0.02
362973,-0.02
362974,-0.007597937676589346
362975,-0.02
362976,-0.02
362977,-0.02
362978,-0.02
362979,-0.10762185347861605
362980,-0.08564348553061768
362981,-0.02
362982,-0.0969362570344065
362983,-0.02
362984,-0.02
362985,-0.10762185347861605
362986,-0.02
362987,-0.02
362988,-0.10762185347861605
362989,-0.10762185347861605
362990,-0.02
362991,-0.10762185347861605
362992,-0.02
362993,-0.02
362994,-0.02
362995,-0.02
362996,-0.02
362997,-0.02
362998,-0.02
362999,-0.02
363000,-0.02
363001,-0.02
363002,-0.02
363003,-0.02
363004,-0.02
363005,-0.10762185347861605
363006,-0.02
363007,-0.02
363008,-0.02
363009,-0.02
363010,-0.02
363011,-0.02
363012,-0.02
363013,-0.02
363014,-0.02
363015,-0.02
368431,-0.02
368432,-0.02
368433,-0.02
368434,-0.02
368435,-0.02
368436,-0.02
368437,-0.02
368438,-0.02
368439,-0.10762185347861605
368440,-0.02
368441,-0.02
368442,-0.02
368443,-0.10762185347861605
368444,-0.02
368445,-0.02
368446,-0.02
368447,-0.02
368448,-0.02
368449,-0.02
368450,-0.02
368451,-0.02
368452,-0.02
368453,-0.02
368454,-0.10762185347861605
368455,-0.02
368456,-0.08568116162653736
368457,-0.08568116162653736
368458,-0.10762185347861605
368459,-0.02
368460,-0.02
368462,-0.02
368463,-0.02
368464,-0.10762185347861605
368465,-0.02
368466,-0.10762185347861605
368467,-0.02
368468,-0.02
368469,-0.02
368470,-0.02
368471,-0.02
368472,-0.02
368473,-0.02
368474,-0.02
368475,-0.10762185347861605
368476,-0.02
368477,-0.02
368478,-0.014832628594615923
368479,-0.02
368480,-0.10001912224092491
368481,-0.10762185347861605
368482,-0.02
368483,-0.10762185347861605
368484,-0.02
368485,-0.02
368486,-0.02
368487,-0.02
368488,-0.02
368489,-0.02
368490,-0.02
368491,-0.02
368492,-0.10762185347861605
368493,-0.02
368494,-0.02
368495,-0.02
368496,-0.02
368497,-0.02
368498,-0.02
368499,-0.02
368500,-0.02
368501,-0.02
368502,-0.02
368503,-0.02
368504,-0.02
368505,-0.02
368506,-0.02
368507,-0.02
368508,-0.02
368509,-0.02
368510,-0.02
368511,-0.02
368512,-0.02
368513,-0.02
368514,-0.02
368515,-0.02
368516,-0.02
368517,-0.02
368518,-0.10762185347861605
368519,-0.02
368520,-0.02
368521,-0.02
368522,-0.02
368523,-0.02
368524,-0.02
368525,-0.02
368526,-0.02
368527,-0.02
368528,-0.02
368529,-0.02
368530,-0.02
368531,-0.02
368532,-0.02
368533,-0.02
368534,-0.02
368535,-0.02
368536,-0.02
368537,-0.007597937676589346
368538,-0.02
368539,-0.02
368540,-0.02
368541,-0.10762185347861605
368542,-0.02
368543,-0.02
368544,-0.02
368545,-0.02
368546,-0.02
368547,-0.02
368548,-0.02
368549,-0.02
368550,-0.02
368551,-0.02
368552,-0.02
368555,-0.02
368556,-0.02
368557,-0.10762185347861605
368558,-0.02
368559,-0.02
368560,-0.02
368561,-0.02
368562,-0.02
368563,-0.02
368564,-0.02
368565,-0.02
368567,-0.02
368568,-0.02
368569,-0.02
368570,-0.02
368571,-0.02
368572,-0.02
368573,-0.02
368574,-0.02
368575,-0.02
368576,-0.02
368577,-0.02
368578,-0.02
368579,-0.02
368580,-0.02
368581,-0.02
368582,-0.02
368583,-0.02
368584,-0.02
368585,-0.02
368586,-0.02
368587,-0.02
368588,-0.10762185347861605
368589,-0.02
368590,-0.02
368591,-0.02
368592,-0.02
368593,-0.02
368594,-0.02
368595,-0.02
368596,-0.02
368597,-0.02
368598,-0.02
368599,-0.02
368600,-0.02
368601,-0.10762185347861605
368602,-0.02
368603,-0.09463565492213395
368604,-0.02
368605,-0.02
368606,-0.02
368607,-0.02
368608,-0.02
368609,-0.02
368610,-0.02
368611,-0.02
368612,-0.02
368613,-0.02
368614,-0.02
368615,-0.02
368616,-0.02
368617,-0.02
368618,-0.02
368619,-0.02
368620,-0.02
368621,-0.02
368622,-0.02
368623,-0.02
368624,-0.10762185347861605
368625,-0.02
368626,-0.02
368627,-0.02
368628,-0.02
368629,-0.02
368630,-0.02
368631,-0.10762185347861605
368632,-0.10762185347861605
368633,-0.02
368634,-0.02
368635,-0.02
368636,-0.02
368637,-0.10762185347861605
368638,-0.02
368639,-0.02
368640,-0.10762185347861605
368641,-0.02
368642,-0.02
368643,-0.02
368644,-0.10762185347861605
368645,-0.02
368646,-0.02
368647,-0.02
368648,-0.02
368649,-0.02
368650,-0.02
368651,-0.02
368652,-0.02
368653,-0.02
368654,-0.02
368655,-0.02
368656,-0.02
368657,-0.10762185347861605
368658,-0.02
368659,-0.02
368660,-0.02
368661,-0.02
368662,-0.10762185347861605
368663,-0.02
368664,-0.02
368665,-0.02
368666,-0.02
368667,-0.02
368668,-0.09716512212569416
368669,-0.02
368670,-0.02
368671,-0.02
368672,-0.09716512212569416
368673,-0.02
368674,-0.02
368675,-0.02
368676,-0.02
368677,-0.02
368678,-0.02
368679,-0.02
368680,-0.02
368681,-0.02
368682,-0.02
368683,-0.02
368684,-0.02
368685,-0.02
368686,-0.02
368687,-0.02
368688,-0.02
368689,-0.02
368690,-0.02
368691,-0.10762185347861605
368692,-0.02
368693,-0.02
368694,-0.02
368695,-0.02
368696,-0.02
368697,-0.02
368698,-0.02
368699,-0.02
368700,-0.02
368701,-0.02
368702,-0.02
368703,-0.02
368704,-0.10762185347861605
368705,-0.10762185347861605
368706,-0.02
368707,-0.10762185347861605
368708,-0.02
368709,-0.02
368710,-0.02
368711,-0.02
368712,-0.02
368713,-0.02
368714,-0.02
368715,-0.02
368716,-0.02
368717,-0.02
368718,-0.02
368719,-0.02
368720,-0.02
368721,-0.02
368722,-0.09723869215584119
368723,-0.02
368724,-0.02
368725,-0.02
368726,-0.09463565492213395
368727,-0.02
368728,-0.02
368729,-0.02
371423,-0.02
371424,-0.02
371425,-0.02
371426,-0.02
371427,-0.07735252484167046
371428,-0.02
371429,-0.02
371430,-0.10762185347861605
371431,-0.02
371432,-0.02
371433,-0.02
371434,-0.02
371435,-0.02
371436,-0.02
371437,-0.02
371438,-0.10762185347861605
371439,-0.02
371440,-0.10762185347861605
371441,-0.10762185347861605
371442,-0.02
371443,-0.02
371444,-0.02
371445,-0.10762185347861605
371446,-0.02
371447,-0.02
371448,-0.02
371449,-0.02
371450,-0.02
371451,-0.02
371452,-0.02
371453,-0.02
371454,-0.10762185347861605
371455,-0.10762185347861605
371456,-0.10762185347861605
371457,-0.02
371458,-0.02
371459,-0.02
371460,-0.02
371461,-0.10762185347861605
371462,-0.02
371463,-0.02
371464,-0.10762185347861605
371465,-0.07751044367737625
371466,-0.10762185347861605
371467,-0.10762185347861605
371468,-0.10762185347861605
371469,-0.10762185347861605
371470,-0.02
371471,-0.02
371472,-0.02
371473,-0.02
371474,-0.02
371475,-0.02
371476,-0.02
371477,-0.02
371478,-0.02
371479,-0.02
371480,-0.02
371481,-0.02
371482,-0.02
371483,-0.02
371484,-0.02
371485,-0.02
371486,-0.02
371487,-0.02
371488,-0.02
371489,-0.02
371490,-0.02
371491,-0.02
371492,-0.02
371493,-0.02
371494,-0.02
371495,-0.02
371496,-0.02
371497,-0.02
371498,-0.02
371499,-0.02
371500,-0.02
371501,-0.02
371502,-0.02
371503,-0.02
371504,-0.02
371505,-0.02
371506,-0.02
371507,-0.02
371508,-0.02
371509,-0.02
371510,-0.02
371511,-0.02
371513,-0.02
371514,-0.02
371515,-0.02
371516,-0.02
371517,-0.02
371518,-0.02
371519,-0.02
371520,-0.02
371521,-0.02
371522,-0.02
371523,-0.02
371524,-0.02
371525,-0.02
371526,-0.02
371527,-0.02
371528,-0.02
371529,-0.02
371530,-0.02
371531,-0.02
371532,-0.02
371533,-0.02
371534,-0.02
371535,-0.02
371536,-0.02
371537,-0.02
371538,-0.02
371539,-0.02
371540,-0.02
371541,-0.02
371542,-0.02
371543,-0.10762185347861605
371544,-0.10762185347861605
371545,-0.02
371546,-0.02
371547,-0.10762185347861605
371548,-0.01899864371508187
371549,-0.02
371550,-0.02
371551,-0.02
371552,-0.02
371553,-0.02
371554,-0.01899864371508187
371555,-0.02
371556,-0.02
371557,-0.02
371559,-0.02
371560,-0.02
371561,-0.02
371562,-0.02
371563,-0.02
371564,-0.02
371565,-0.02
371566,-0.02
371567,-0.02
371568,-0.02
371569,-0.02
371570,-0.02
371571,-0.02
371572,-0.039788229019114614
371573,-0.02
371574,-0.02
371575,-0.02
371576,-0.10762185347861605
371577,-0.10762185347861605
371578,-0.02
371579,-0.02
371580,-0.02
371581,-0.02
371582,-0.02
371583,-0.10762185347861605
371584,-0.02
371585,-0.10762185347861605
371586,-0.02
371587,-0.02
371588,-0.10762185347861605
371589,-0.02
371590,-0.02
371591,-0.02
371592,-0.02
371593,-0.02
371594,-0.02
371595,-0.02
371596,-0.02
371597,-0.10762185347861605
371598,-0.02
371599,-0.10762185347861605
371600,-0.02
371601,-0.09202693283447397
371602,-0.02
371603,-0.02
371604,-0.02
371605,-0.10762185347861605
371606,-0.02
371607,-0.02
371608,-0.10762185347861605
371609,-0.02
371610,-0.02
371611,-0.02
371612,-0.02
371613,-0.02
371614,-0.02
371615,-0.02
371616,-0.10762185347861605
371617,-0.02
371618,-0.02
371619,-0.09103089179105563
371620,-0.02
371622,-0.02
371623,-0.02
371624,-0.02
371625,-0.02
371626,-0.02
371627,-0.02
371628,-0.02
371629,-0.02
371630,-0.02
371631,-0.02
371632,-0.02
371633,-0.02
371634,-0.02
371635,-0.02
371636,-0.09723869215584119
371637,-0.02
371638,-0.02
371639,-0.02
371640,-0.02
371641,-0.02
371642,-0.02
371643,-0.02
371644,-0.02
371645,-0.02
379953,-0.10762185347861605
379954,-0.02
379955,-0.02
379956,-0.02
379957,-0.02
379958,-0.02
379959,-0.10762185347861605
379960,-0.02
379961,-0.02
379962,-0.02
379963,-0.02
379964,-0.10762185347861605
379965,-0.08641427987957778
379966,-0.02
379967,-0.02
379968,-0.01130543606711952
379969,-0.10762185347861605
379970,-0.02
379971,-0.02
379972,-0.02
379973,-0.02
379974,-0.02
379975,-0.10762185347861605
379976,-0.02
379977,-0.02
379978,-0.02
379979,-0.02
379980,-0.02
379981,-0.02
379982,-0.02
379983,-0.02
379984,-0.02
379985,-0.02
379986,-0.09719859159659625
379987,-0.02
379988,-0.10762185347861605
379989,-0.02
379990,-0.02
379991,-0.02
379992,-0.02
379993,-0.02
379994,-0.02
379995,-0.02
379996,-0.02
379997,-0.02
379998,-0.02
379999,-0.02
380000,-0.02
380001,-0.02
380002,-0.10762185347861605
380003,-0.08568116162653736
380004,-0.02
380005,-0.02
380006,-0.02
380007,-0.02
380008,-0.02
380009,-0.02
380010,-0.02
380011,-0.02
380012,-0.02
380013,-0.02
380014,-0.02
380015,-0.02
380016,-0.02
380017,-0.02
380018,-0.02
380019,-0.02
380020,-0.02
380021,-0.10762185347861605
380022,-0.02
380023,-0.02
380024,-0.02
380025,-0.02
380026,-0.02
380027,-0.02
380028,-0.007597937676589346
380029,-0.10762185347861605
380030,-0.02
380031,-0.02
380032,-0.02
380033,-0.02
380034,-0.02
380035,-0.02
380036,-0.02
380037,-0.02
380038,-0.02
380039,-0.02
380040,-0.02
380041,-0.02
380042,-0.02
380043,-0.02
380044,-0.02
380045,-0.02
380046,-0.02
380047,-0.02
380048,-0.02
380049,-0.02
380050,-0.02
380051,-0.10762185347861605
380052,-0.02
380053,-0.02
380054,-0.02
380055,-0.10762185347861605
380056,-0.02
380057,-0.02
380058,-0.02
380059,-0.02
380060,-0.10762185347861605
380061,-0.10762185347861605
380062,-0.02
380063,-0.02
380064,-0.02
380065,-0.08568116162653736
380066,-0.02
380067,-0.02
380068,-0.02
380069,-0.02
380070,-0.02
380071,-0.02
380072,-0.02
380073,-0.02
380074,-0.02
380075,-0.02
380076,-0.10762185347861605
380077,-0.02
380078,-0.02
380079,-0.02
380080,-0.08558309177725287
380081,-0.02
380082,-0.02
380083,-0.02
380084,-0.10762185347861605
380085,-0.02
380086,-0.02
380087,-0.02
380088,-0.02
380089,-0.02
380090,-0.02
380091,-0.02
380092,-0.10762185347861605
380093,-0.02
380094,-0.02
380095,-0.02
380096,-0.09465056964690031
380097,-0.02
380098,-0.02
380099,-0.02
380100,-0.02
380101,-0.02
380102,-0.02
380103,-0.02
380104,-0.02
380105,-0.02
380106,-0.02
380107,-0.02
380108,-0.02
380109,-0.02
380110,-0.10762185347861605
380111,-0.10762185347861605
380112,-0.10762185347861605
380113,-0.02
380114,-0.02
380115,-0.02
380116,-0.02
380117,-0.02
380118,-0.02
380119,-0.02
380120,-0.02
380121,-0.02
380122,-0.02
380123,-0.02
380124,-0.02
380125,-0.02
380126,-0.02
380127,-0.02
380128,-0.02
380129,-0.02
380130,-0.02
380131,-0.02
380132,-0.10762185347861605
380133,-0.02
380134,-0.02
380135,-0.02
380136,-0.02
380137,-0.02
380138,-0.02
380139,-0.02
380140,-0.02
380141,-0.02
380142,-0.02
380143,-0.02
380144,-0.02
380145,-0.02
380146,-0.02
380147,-0.02
380148,-0.02
380149,-0.02
380150,-0.02
380151,-0.02
380152,-0.10762185347861605
380153,-0.09701054575013579
380154,-0.09844904604104275
380155,-0.007597937676589346
380156,-0.02
380157,-0.02
380158,-0.02
380159,-0.02
380160,-0.02
380161,-0.10762185347861605
380162,-0.09463565492213395
382644,-0.10762185347861605
382645,-0.02
382646,-0.02
382647,-0.02
382648,-0.02
382649,-0.02
382650,-0.02
382651,-0.02
382652,-0.02
382653,-0.02
382654,-0.10762185347861605
382655,-0.02
382656,-0.02
382657,-0.02
382658,-0.02
382659,-0.02
382660,-0.02
382661,-0.02
382662,-0.02
382663,-0.02
382664,-0.02
382665,-0.02
382666,-0.02
382667,-0.02
382668,-0.09688885985916451
382669,-0.02
382670,-0.02
382671,-0.10762185347861605
382672,-0.02
382673,-0.09354567714751638
382674,-0.02
382675,-0.10762185347861605
382676,-0.02
382677,-0.02
382678,-0.02
382679,-0.09354567714751638
382680,-0.02
382681,-0.02
382682,-0.10762185347861605
382683,-0.02
382684,-0.02
382685,-0.02
382686,-0.02
382687,-0.02
382688,-0.02
382689,-0.02
382690,-0.10762185347861605
382691,-0.02
382692,-0.02
382693,-0.02
382694,-0.02
382695,-0.02
382696,-0.02
382697,-0.02
382698,-0.02
382699,-0.10762185347861605
382700,-0.02
382701,-0.02
382702,-0.02
382703,-0.02
382704,-0.02
382705,-0.02
382706,-0.02
382707,-0.10762185347861605
382708,-0.02
382709,-0.02
382710,-0.02
382711,-0.02
382712,-0.02
382713,-0.02
382714,-0.02
382715,-0.02
382716,-0.02
382717,-0.02
382718,-0.02
382719,-0.02
382720,-0.02
382721,-0.02
382722,-0.02
382723,-0.02
382724,-0.02
382725,-0.02
382726,-0.02
382727,-0.02
382728,-0.02
382729,-0.02
382730,-0.02
382731,-0.0857263021212104
382732,-0.02
382733,-0.10762185347861605
382734,-0.08568116162653736
382735,-0.02
382736,-0.02
382737,-0.02
382738,-0.02
382739,-0.02
382740,-0.02
382741,-0.02
382742,-0.02
382744,-0.02
382745,-0.10762185347861605
382746,-0.02
382747,-0.09443337436001409
382748,-0.02
382749,-0.10762185347861605
382750,-0.10762185347861605
382751,-0.02
382752,-0.02
382753,-0.02
382754,-0.02
382755,-0.10408415719459874
382756,-0.02
382757,-0.02
382758,-0.02
382759,-0.02
382760,-0.02
382761,-0.02
382762,-0.02
382763,-0.02
382764,-0.02
382765,-0.02
382766,-0.02
382767,-0.02
382768,-0.08568116162653736
382769,-0.02
382770,-0.02
382771,-0.02
382772,-0.02
382773,-0.02
382774,-0.02
382775,-0.02
382776,-0.02
382777,-0.02
382778,-0.02
382779,-0.02
382780,-0.09721196605240123
382781,-0.02
382782,-0.02
382783,-0.02
382784,-0.02
382785,-0.02
382786,-0.02
382787,-0.02
382788,-0.02
382789,-0.02
382790,-0.02
382791,-0.02
382792,-0.02
382793,-0.02
382794,-0.02
382795,-0.02
382796,-0.10762185347861605
382797,-0.09775386794023694
382798,-0.02
382799,-0.02
382800,-0.02
382801,-0.02
382802,-0.02
382803,-0.02
382804,-0.02
382805,-0.02
382806,-0.10762185347861605
382807,-0.02
382808,-0.02
382809,-0.02
382810,-0.02
382811,-0.02
382812,-0.02
382813,-0.02
382814,-0.10762185347861605
382815,-0.02
382816,-0.09263579249742089
382817,-0.02
382818,-0.02
382819,-0.02
382820,-0.02
382821,-0.02
382822,-0.02
382823,-0.02
382824,-0.02
382825,-0.02
382826,-0.02
382827,-0.08404448368564393
382828,-0.02
382829,-0.02
382830,-0.10762185347861605
382831,-0.02
382832,-0.02
382833,-0.02
382834,-0.02
382835,-0.02
382836,-0.02
382837,-0.10762185347861605
382838,-0.02
382839,-0.02
382840,-0.02
382841,-0.02
382842,-0.02
382843,-0.02
382844,-0.02
382845,-0.02
382846,-0.02
382847,-0.02
382848,-0.10762185347861605
382849,-0.02
382850,-0.02
382851,-0.02
382852,-0.02
382853,-0.02
382854,-0.02
382855,-0.02
382856,-0.02
382857,-0.10762185347861605
382858,-0.02
382859,-0.02
382860,-0.02
382861,-0.02
382862,-0.02
382863,-0.02
382864,-0.02
382865,-0.02
382866,-0.02
382867,-0.10762185347861605
382868,-0.02
382869,-0.02
382870,-0.02
382871,-0.02
382872,-0.10762185347861605
382873,-0.02
382874,-0.02
382875,-0.10762185347861605
382876,-0.02
382877,-0.02
382878,-0.10762185347861605
382879,-0.02
382880,-0.02
382881,-0.02
382882,-0.06446133742058825
382883,-0.02
382884,-0.08464455561023017
382885,-0.02
382886,-0.02
382887,-0.02
382888,-0.02
382889,-0.02
382890,-0.02
382891,-0.02
382892,-0.02
382893,-0.02
382894,-0.10762185347861605
382895,-0.09393145624123102
382896,-0.02
382897,-0.08559064855212092
382898,-0.10762185347861605
382899,-0.02
382900,-0.02
382901,-0.02
382902,-0.02
382903,-0.02
382904,-0.02
382905,-0.02
382906,-0.02
382907,-0.02
382908,-0.02
382909,-0.02
382910,-0.02
382911,-0.10762185347861605
382912,-0.02
382913,-0.10762185347861605
382914,-0.08568116162653736
382915,-0.02
382916,-0.10051807379121247
382917,-0.02
382918,-0.10762185347861605
382919,-0.02
382920,-0.02
382921,-0.02
382922,-0.02
382923,-0.02
382924,-0.02
382925,-0.10762185347861605
382926,-0.02
382927,-0.02
382928,-0.02
382929,-0.02
382930,-0.02
382931,-0.02
382932,-0.02
382933,-0.02
382934,-0.02
382935,-0.02
382936,-0.10762185347861605
382937,-0.02
382938,-0.09705096812543408
382939,-0.02
382940,-0.02
382941,-0.02
382942,-0.10762185347861605
382943,-0.02
382944,-0.02
382945,-0.10762185347861605
382946,-0.02
382947,-0.02
382948,-0.02
382949,-0.10688485825574548
382950,-0.02
382951,-0.02
382953,-0.02
382954,-0.02
382955,-0.02
382956,-0.10762185347861605
382957,-0.10762185347861605
382959,-0.10762185347861605
382960,-0.02
382961,-0.02
382962,-0.02
382963,-0.10762185347861605
382964,-0.02
382965,-0.0939006897375674
382966,-0.10762185347861605
382967,-0.02
382968,-0.02
382969,-0.10762185347861605
382970,-0.10762185347861605
382971,-0.02
389261,-0.02
389574,-0.02
389576,-0.09684136691816926
389577,-0.02
389578,-0.02
389579,-0.02
389581,-0.02
389582,-0.02
389583,-0.02
389584,-0.09684136691816926
389585,-0.02
389589,-0.02
389590,-0.02
389591,-0.10762185347861605
389592,-0.02
389593,-0.02
391300,-0.02
391301,-0.10762185347861605
391302,-0.02
393769,-0.02
393773,-0.02
393774,-0.02
393775,-0.09712489575174109
393776,-0.02
393777,-0.02
393779,-0.02
393780,-0.02
394182,-0.02
394183,-0.02
394184,-0.02
394185,-0.08564348553061768
394393,-0.10762185347861605
395558,-0.02
396607,-0.02
396608,-0.02
396609,-0.02
396610,-0.02
396611,-0.10762185347861605
396612,-0.02
396613,-0.09344998994118534
396614,-0.10762185347861605
396615,-0.02
396616,-0.02
396617,-0.08151376599788562
396618,-0.02
396619,-0.10762185347861605
396620,-0.02
396621,-0.02
396626,-0.02
396627,-0.02
396628,-0.08562840003256571
396629,-0.02
396630,-0.02
396631,-0.02
396632,-0.08562840003256571
396633,-0.02
396634,-0.02
396735,-0.0968277798626215
396820,-0.10762185347861605
397420,-0.02
397422,-0.02
397423,-0.10542270921381126
397426,-0.02
397542,-0.02
397547,-0.02
397952,-0.02
397953,-0.02
398436,-0.02
398437,-0.10135673185296187
398604,-0.02
398867,-0.10762185347861605
398869,-0.02
403730,-0.02
403886,-0.02
403887,-0.10762185347861605
403997,-0.02
403998,-0.02
404391,-0.02
404392,-0.09721196605240123
404694,-0.02
405731,-0.10762185347861605
405732,-0.10762185347861605
405733,-0.09706442681772456
405744,-0.08563594385851189
405761,-0.02
406089,-0.02
406090,-0.02
406091,-0.02
406092,-0.02
406093,-0.02
406094,-0.02
406096,-0.02
406150,-0.02
407136,-0.02
408875,-0.02
408968,-0.02
409027,-0.10762185347861605
409028,-0.08376184774999432
409029,-0.02
409825,-0.02
409938,-0.02
409940,-0.02
409941,-0.02
417501,-0.02
417502,-0.02
417503,-0.02
417504,-0.02
417514,-0.02
417515,-0.02
418867,-0.10762185347861605
418868,-0.02
418869,-0.02
418870,-0.02
418897,-0.02
418898,-0.02
418899,-0.02
418900,-0.10762185347861605
418901,-0.02
418902,-0.02
418903,-0.02
418904,-0.02
418905,-0.09719190151388618
418906,-0.02
418907,-0.02
418908,-0.02
418909,-0.02
418910,-0.02
418911,-0.02
418912,-0.02
418913,-0.02
418914,-0.0830299555348281
418915,-0.08540868659464328
418916,-0.09028882683732266
418934,-0.02
418935,-0.02
418936,-0.02
418937,-0.10762185347861605
418938,-0.02
418939,-0.02
421088,-0.02
422177,-0.02
422789,-0.02
424006,-0.02
424007,-0.02
426422,-0.02
427350,-0.02
429145,-0.08564348553061768
429596,-0.02
430218,-0.08518686619054996
430486,-0.02
430487,-0.02
432178,-0.10193249850244246
432179,-0.02
433131,-0.02
433132,-0.10762185347861605
433133,-0.02
433258,-0.02
434663,-0.02
434664,-0.02
434665,-0.02
434858,-0.02
434859,-0.02
435859,-0.02
438125,-0.02
438770,-0.02
438771,-0.02
438775,-0.02
439266,-0.02
439420,-0.02
439423,-0.02
439424,-0.02
439426,-0.02
439632,-0.02
439633,-0.02
439634,-0.02
439635,-0.02
439636,-0.02
439637,-0.02
439638,-0.02
441051,-0.02
443392,-0.02
443393,-0.02
443808,-0.02
444823,-0.10762185347861605
444824,-0.02
445579,-0.10762185347861605
446668,-0.02
447667,-0.02
447668,-0.02
447669,-0.02
447670,-0.02
449174,-0.02
449177,-0.02
449361,-0.10762185347861605
449672,-0.07751044367737625
450095,-0.02
450096,-0.02
450097,-0.10762185347861605
450098,-0.02
450099,-0.10051226491797319
450100,-0.02
451025,-0.02
452136,-0.02
452193,-0.02
452407,-0.02
453937,-0.02
453938,-0.02
453970,-0.10762185347861605
454016,-0.06272404435770376
454017,-0.09565748136862803
454018,-0.02
454019,-0.02
454020,-0.02
454021,-0.10762185347861605
454022,-0.10762185347861605
454189,-0.10762185347861605
454200,-0.02
454201,-0.02
454202,-0.10762185347861605
454203,-0.02
454204,-0.02
454205,-0.04257437559044612
454225,-0.03916792367212925
454226,-0.02
454227,-0.10762185347861605
454228,-0.02
454229,-0.02
454230,-0.02
454233,-0.02
454234,-0.02
454264,-0.10762185347861605
454265,-0.10762185347861605
454630,-0.02
454631,-0.02
454632,-0.02
454633,-0.10762185347861605
454866,-0.10762185347861605
541679,-0.0850862953459034
541680,-0.02
541681,-0.10762185347861605
541682,-0.02
541683,-0.10762185347861605
541684,-0.10762185347861605
541685,-0.10762185347861605
541686,-0.02
541688,-0.02
541689,-0.02
541690,-0.10762185347861605
541691,-0.08811840455616483
541693,-0.02
541696,-0.02
541697,-0.10762185347861605
541699,-0.02
541701,-0.10762185347861605
541702,-0.10762185347861605
541791,-0.10762185347861605
541792,-0.08847011593759933
541793,-0.10762185347861605
541794,-0.02
541795,-0.02
541796,-0.02
541797,-0.02
541798,-0.02
541799,-0.02
541800,-0.10762185347861605
541801,-0.02
541802,-0.10762185347861605
541803,-0.02
541804,-0.02
541805,-0.02
541806,-0.02
541807,-0.02
541808,-0.10762185347861605
541809,-0.10762185347861605
541810,-0.02
541811,-0.02
541812,-0.02
541813,-0.10762185347861605
541814,-0.07877886501649063
541815,-0.02
541816,-0.02
541817,-0.02
541818,-0.09743956782323647
545764,-0.02
546470,-0.02
546486,-0.02
546487,-0.02
546490,-0.10762185347861605
546491,-0.02
546528,-0.06987029895105215
546529,-0.09591321123946399
546530,-0.02
546531,-0.0956646226736938
547013,-0.10762185347861605
547014,-0.10762185347861605
547015,-0.02
547016,-0.02
547017,-0.02
547018,-0.02
547019,-0.02
547020,-0.02
547026,-0.02
548027,-0.044965646763769365
548681,-0.02
548682,-0.02
548683,-0.09393145624123102
548684,-0.02
549181,-0.06389069931660893
549184,-0.02
549292,-0.02
549875,-0.09467292400468895
551339,-0.02
551474,-0.10762185347861605
554022,-0.10762185347861605
554023,-0.10762185347861605
556610,-0.02
556874,-0.02
563055,-0.02
563073,-0.02
563074,-0.02
563075,-0.02
563076,-0.02
563077,-0.02
563078,-0.02
563079,-0.02
563081,-0.02
563082,-0.10762185347861605
563083,-0.02
563084,-0.02
563085,-0.02
563086,-0.02
563087,-0.02
563088,-0.02
563089,-0.02
563090,-0.02
563091,-0.02
563092,-0.02
563093,-0.10762185347861605
563094,-0.02
563095,-0.02
563096,-0.02
563097,-0.02
563098,-0.02
563099,-0.02
563101,-0.02
563102,-0.02
563103,-0.02
563104,-0.10762185347861605
563105,-0.02
563106,-0.02
563107,-0.02
563108,-0.02
563109,-0.10762185347861605
563110,-0.02
563111,-0.02
563112,-0.02
563113,-0.02
563114,-0.02
563116,-0.02
563117,-0.02
563118,-0.02
563119,-0.02
563120,-0.02
563121,-0.02
563122,-0.10709654243711647
563123,-0.02
563124,-0.02
563125,-0.02
563126,-0.02
563127,-0.02
563128,-0.02
563129,-0.02
563130,-0.02
563131,-0.02
563132,-0.02
563133,-0.02
563134,-0.02
563135,-0.02
563478,-0.02
563555,-0.02
563556,-0.02
563557,-0.02
563558,-0.02
563559,-0.02
563560,-0.02
563561,-0.02
563562,-0.02
563563,-0.02
563564,-0.02
563565,-0.02
563566,-0.02
563567,-0.007597937676589346
563568,-0.02
563570,-0.02
563571,-0.02
563572,-0.02
563573,-0.02
563574,-0.02
563575,-0.02
563576,-0.02
563577,-0.02
563578,-0.02
563580,-0.02
563582,-0.02
563583,-0.02
563584,-0.02
563585,-0.02
563586,-0.02
563587,-0.02
563588,-0.02
563589,-0.02
563590,-0.02
563591,-0.02
563593,-0.10076075918901939
563596,-0.10762185347861605
563598,-0.02
563599,-0.02
563600,-0.02
563603,-0.02
563630,-0.02
564667,-0.02
564674,-0.02
575840,-0.02
576187,-0.10762185347861605
577512,-0.02
577804,-0.02
577805,-0.02
577806,-0.02
577807,-0.02
577808,-0.02
577809,-0.09393145624123102
577810,-0.02
577811,-0.02
577812,-0.02
577813,-0.02
577814,-0.02
577815,-0.02
577816,-0.02
577817,-0.10762185347861605
577818,-0.007597937676589346
577819,-0.02
577820,-0.10762185347861605
577821,-0.10762185347861605
577822,-0.02
577823,-0.10762185347861605
577824,-0.02
577825,-0.02
577826,-0.02
577827,-0.02
577828,-0.02
577829,-0.10762185347861605
577830,-0.02
577831,-0.03916792367212925
577832,-0.10762185347861605
577833,-0.02
577834,-0.02
577835,-0.02
577836,-0.02
577837,-0.09090882976742784
577838,-0.02
577839,-0.02
577840,-0.02
577841,-0.02
577842,-0.02
577843,-0.02
577844,-0.10762185347861605
577845,-0.02
578489,-0.02
579906,-0.10762185347861605
580218,-0.10762185347861605
585457,-0.02
590392,-0.02
592057,-0.10762185347861605
593198,-0.02
593201,-0.02
593203,-0.10762185347861605
593392,-0.02
595868,-0.02
598340,-0.10762185347861605
599581,-0.02
600626,-0.02
602034,-0.10762185347861605
603097,-0.10762185347861605
603098,-0.10762185347861605
605792,-0.10762185347861605
607751,-0.0956646226736938
607764,-0.02
608050,-0.10762185347861605
608695,-0.02
610214,-0.02
617218,-0.10762185347861605
617373,-0.02
618545,-0.02
618546,-0.02
619442,-0.02
620862,-0.07619064385205072
621260,-0.02
635163,-0.02
635645,-0.02
635646,-0.02
646251,-0.02
647518,-0.02
647531,-0.02
647580,-0.02
647581,-0.02
647582,-0.02
647583,-0.02
647584,-0.02
647585,-0.02
647586,-0.02
647587,-0.02
647588,-0.02
647589,-0.02
647590,-0.10761755982522152
647591,-0.02
647592,-0.02
647593,-0.02
647594,-0.02
647595,-0.02
647596,-0.02
647597,-0.02
647598,-0.02
647599,-0.02
647600,-0.10541327867990619
647601,-0.09831547303532531
647602,-0.02
647603,-0.02
647604,-0.02
647605,-0.02
647606,-0.02
647607,-0.02
647608,-0.02
647609,-0.02
647610,-0.09567176180979821
647611,-0.02
647612,-0.02
647613,-0.02
647614,-0.02
647615,-0.02
647616,-0.02
647617,-0.02
647618,-0.02
647619,-0.02
647620,-0.02
647621,-0.02
647622,-0.02
647623,-0.02
647624,-0.02
647625,-0.02
647626,-0.02
647627,-0.02
647628,-0.02
647629,-0.02
647630,-0.02
647631,-0.02
647632,-0.02
647633,-0.02
647634,-0.02
647635,-0.02
647636,-0.02
647637,-0.02
647638,-0.02
647639,-0.02
647640,-0.02
647641,-0.02
647642,-0.02
647643,-0.02
647644,-0.02
647645,-0.02
647646,-0.02
647647,-0.10047156256071522
647648,-0.02
647649,-0.02
647650,-0.02
647651,-0.02
647652,-0.02
647653,-0.09090882976742784
647654,-0.02
647655,-0.02
647656,-0.02
647657,-0.02
647658,-0.02
647659,-0.02
647660,-0.02
647661,-0.02
647662,-0.02
647663,-0.02
647664,-0.02
647665,-0.02
647666,-0.02
647667,-0.007597937676589346
647668,-0.02
647669,-0.02
647670,-0.02
647671,-0.02
647672,-0.02
647673,-0.02
647674,-0.02
647675,-0.02
647676,-0.02
647677,-0.02
647678,-0.02
647679,-0.02
647680,-0.02
647681,-0.02
647682,-0.02
647683,-0.09567176180979821
647684,-0.02
647685,-0.02
647686,-0.02
647687,-0.02
647688,-0.02
647689,-0.02
647690,-0.02
647691,-0.02
647692,-0.02
647693,-0.02
647694,-0.02
647695,-0.02
647696,-0.02
647697,-0.02
647698,-0.02
647699,-0.02
647700,-0.02
647701,-0.02
647702,-0.02
647703,-0.02
647704,-0.02
647705,-0.02
647706,-0.02
647707,-0.02
647708,-0.02
647709,-0.02
647710,-0.02
647711,-0.02
647712,-0.02
647713,-0.02
647714,-0.02
647715,-0.02
647716,-0.02
647717,-0.02
647718,-0.02
647719,-0.02
647720,-0.02
647721,-0.02
647722,-0.02
647723,-0.02
647724,-0.02
647725,-0.02
647726,-0.02
647727,-0.02
647728,-0.02
647729,-0.02
647730,-0.02
647731,-0.02
647732,-0.02
647733,-0.02
647734,-0.02
647735,-0.02
647736,-0.02
647737,-0.02
647738,-0.02
647739,-0.02
647740,-0.02
647741,-0.02
647742,-0.02
647743,-0.02
647744,-0.02
647745,-0.02
647746,-0.02
647747,-0.02
647748,-0.02
647749,-0.02
647750,-0.02
647751,-0.02
647752,-0.02
647753,-0.02
647754,-0.02
647755,-0.02
647756,-0.02
647757,-0.02
647758,-0.02
647759,-0.02
647760,-0.02
647761,-0.02
647762,-0.02
647763,-0.02
647764,-0.02
647765,-0.02
647766,-0.02
647767,-0.02
647768,-0.02
647769,-0.02
647770,-0.02
647771,-0.02
647772,-0.02
647773,-0.02
647774,-0.02
647775,-0.02
647776,-0.02
647777,-0.02
647778,-0.02
647779,-0.02
647780,-0.02
647781,-0.02
647782,-0.02
647783,-0.02
647784,-0.02
647785,-0.02
647786,-0.02
647787,-0.02
647788,-0.02
647789,-0.02
647790,-0.02
647791,-0.08624433350570533
647792,-0.10626997489961688
647793,-0.02
647794,-0.02
647795,-0.02
647796,-0.02
647797,-0.02
647798,-0.02
647799,-0.02
647800,-0.02
647801,-0.02
647802,-0.02
647803,-0.02
647804,-0.02
647805,-0.02
647806,-0.02
647807,-0.02
647808,-0.02
647809,-0.02
647810,-0.02
647811,-0.02
647812,-0.02
647813,-0.02
647814,-0.02
647815,-0.02
647816,-0.02
647817,-0.02
647818,-0.02
647819,-0.02
647820,-0.02
647821,-0.02
647822,-0.02
647823,-0.02
647824,-0.02
647825,-0.10538968577875543
647826,-0.02
647827,-0.02
647828,-0.02
647829,-0.02
647830,-0.02
647831,-0.02
647832,-0.02
647833,-0.02
647834,-0.02
647835,-0.02
647836,-0.02
647837,-0.02
647838,-0.02
647839,-0.02
647840,-0.02
647841,-0.02
647842,-0.02
647843,-0.02
647844,-0.02
647845,-0.02
647846,-0.02
647847,-0.02
647848,-0.02
647849,-0.02
647850,-0.02
647851,-0.02
647852,-0.02
647853,-0.02
647854,-0.02
647855,-0.02
647856,-0.02
647857,-0.02
647858,-0.02
647859,-0.02
647860,-0.02
647861,-0.02
653465,-0.02
654082,-0.02
654937,-0.02
655945,-0.02
658414,-0.1069865281698142
664198,-0.076876980936515
671017,-0.02
680678,-0.02
690181,-0.10319416858185095
690958,-0.10295976170962788
693576,-0.02
697564,-0.02
697907,-0.10189418454865697
707524,-0.08954132490633994
708124,-0.07176685865116077
708471,-0.02
710031,-0.02
724904,-0.02
728625,-0.02
729838,-0.02
732718,-0.02
735431,-0.09577148270972925
743108,-0.02
745292,-0.02
745529,-0.02
749121,-0.02
753663,-0.02
761692,-0.02
762269,-0.08999076905707147
768553,-0.02
770260,-0.02
770546,-0.02
777894,-0.08572699530965745
783176,-0.02
787983,-0.02
788578,-0.02
790021,-0.02
790689,-0.02
798785,-0.02
807956,-0.02
813116,-0.02
817815,-0.07104497049817197
825145,-0.06564671470213096
834401,-0.02
845754,-0.02
